{"cameraMode":{"drawMode":0,"name":"Shaded","section":"Shading Mode"},"sceneLighting":true,"audioPlay":false,"sceneViewState":{"showFog":true,"showMaterialUpdate":false,"showSkybox":true,"showFlares":true,"showImageEffects":true,"showParticleSystems":true},"in2DMode":false,"pivot":{"x":-0.9705073833465576,"y":1.5769869089126588,"z":1.0636305809020997},"rotation":{"x":-0.030370110645890237,"y":0.9683614373207092,"z":-0.14814640581607819,"w":-0.19851453602313996},"size":5.812021732330322,"orthographic":false}