{"cameraMode":{"drawMode":0,"name":"Shaded","section":"Shading Mode"},"sceneLighting":true,"audioPlay":false,"sceneViewState":{"showFog":true,"showMaterialUpdate":false,"showSkybox":true,"showFlares":true,"showImageEffects":true,"showParticleSystems":true},"in2DMode":false,"pivot":{"x":-0.8538131713867188,"y":1.0782241821289063,"z":1.9218015670776368},"rotation":{"x":-0.07015425711870194,"y":0.9104288220405579,"z":-0.17302647233009339,"w":-0.36913686990737917},"size":6.94697904586792,"orthographic":false}