{"cameraMode":{"drawMode":0,"name":"Shaded","section":"Shading Mode"},"sceneLighting":true,"audioPlay":false,"sceneViewState":{"showFog":true,"showMaterialUpdate":false,"showSkybox":true,"showFlares":true,"showImageEffects":true,"showParticleSystems":true},"in2DMode":false,"pivot":{"x":1.0517616271972657,"y":5.586525917053223,"z":0.42971038818359377},"rotation":{"x":-0.15795601904392243,"y":0.8419982194900513,"z":-0.35977819561958315,"w":-0.3696672022342682},"size":18.20218276977539,"orthographic":false}