{"cameraMode":{"drawMode":0,"name":"Shaded","section":"Shading Mode"},"sceneLighting":true,"audioPlay":false,"sceneViewState":{"showFog":true,"showMaterialUpdate":false,"showSkybox":true,"showFlares":true,"showImageEffects":true,"showParticleSystems":true},"in2DMode":false,"pivot":{"x":-0.6467242240905762,"y":3.2977514266967775,"z":-0.33141422271728518},"rotation":{"x":-0.032775815576314929,"y":0.9421543478965759,"z":-0.09672919660806656,"w":-0.31924042105674746},"size":12.26054859161377,"orthographic":false}